1,Drugi,Crotty,3 Weeping Birch Lane,77060,Houston,TX,11/9/2010
2,Melany,Kuschel,3812 Spaight Court,24020,Roanoke,VA,8/5/2011
3,Bank,Bernuzzi,8 Kedzie Trail,74116,Tulsa,OK,5/24/2011
4,Kain,Leese,2 Norway Maple Point,33686,Tampa,FL,3/6/2007
5,Sax,Mulran,2707 West Hill,93584,Lancaster,CA,12/3/2011
6,Luelle,Silson,9 Hanson Court,23514,Norfolk,VA,3/6/2008
7,Clevie,Newlove,2107 Mayer Point,37405,Chattanooga,TN,1/15/2008
8,Glyn,Bithell,15642 Bay Drive,92619,Irvine,CA,3/6/2012
9,Marie-jeanne,Lindblad,4348 Westridge Center,33141,Miami Beach,FL,5/22/2008
10,Eachelle,Luigi,6 Graceland Way,60624,Chicago,IL,7/19/2011
11,Bab,Heiton,6 7th Way,32835,Orlando,FL,6/22/2013
12,Celestia,Etienne,82583 Commercial Court,19058,Levittown,PA,5/24/2007
13,Jacquenetta,Kaser,14607 Ruskin Road,80910,Colorado Springs,CO,2/22/2007
14,Ruben,Verdey,7 Everett Plaza,50310,Des Moines,IA,11/3/2012
15,Amber,Waumsley,4676 Roxbury Park,91406,Van Nuys,CA,1/8/2011
16,Karl,Najera,9593 Brentwood Junction,53277,Milwaukee,WI,3/2/2010
17,Alice,Mateiko,8435 Di Loreto Park,31416,Savannah,GA,8/8/2013
18,Clarence,Lambert,5757 1st Hill,10633,White Plains,NY,2/14/2010
19,Tabby,Bea,1 Arizona Center,76905,San Angelo,TX,5/12/2010
20,Gabriele,Orgel,0 Oak Pass,34985,Port Saint Lucie,FL,9/7/2009
21,Skyler,Service,662 Coolidge Road,60604,Chicago,IL,9/1/2007
22,Karlyn,Calendar,52 Rigney Avenue,88579,El Paso,TX,9/27/2011
23,Alwyn,Gouldie,13 Atwood Street,17140,Harrisburg,PA,11/26/2011
24,Alexis,Dreher,9 Esch Center,23293,Richmond,VA,2/18/2012
25,Chris,Weaving,9 Sachs Park,51105,Sioux City,IA,8/14/2009
26,Charil,Rollason,63 Cascade Plaza,33196,Miami,FL,6/11/2012
27,Ariella,Herrema,13308 Welch Center,76310,Wichita Falls,TX,9/4/2012
28,Danella,Gissing,91 1st Point,2208,Boston,MA,7/2/2009
29,Edee,Velasquez,206 Colorado Circle,80270,Denver,CO,2/5/2012
30,Jasun,Schule,49266 Cordelia Park,10305,Staten Island,NY,8/19/2012
31,Rycca,Glassman,6761 Menomonie Road,12325,Schenectady,NY,3/5/2008
32,Elvira,Kingaby,40776 Thierer Way,17405,York,PA,5/17/2013
33,Corny,Danielian,220 Grayhawk Junction,14233,Buffalo,NY,8/19/2009
34,Shae,Dykas,789 Reinke Place,94660,Oakland,CA,7/1/2013
35,Sherwynd,Skeeles,979 Bartillon Road,11231,Brooklyn,NY,10/19/2008
36,Mariska,Attoe,39 Walton Street,93762,Fresno,CA,11/13/2011
37,Town,Gimbart,31 Elmside Way,22205,Arlington,VA,8/25/2008
38,Bendix,De Brett,3 Continental Street,78721,Austin,TX,10/24/2012
39,Sybil,Skeels,6 Messerschmidt Plaza,75044,Garland,TX,11/23/2012
40,Modesta,Steagall,9 Rigney Center,53210,Milwaukee,WI,9/29/2006
41,Ray,Bascomb,7 Hollow Ridge Lane,36622,Mobile,AL,4/14/2007
42,Deana,Bercevelo,64 Elgar Point,18105,Allentown,PA,7/11/2013
43,Rachael,Ibbotson,627 5th Terrace,33111,Miami,FL,12/31/2006
44,Fred,Cornilleau,630 Mcguire Parkway,77240,Houston,TX,4/4/2013
45,Tally,Shurrock,1 Chive Terrace,93291,Visalia,CA,3/5/2011
46,Anatol,Jullian,60212 Garrison Crossing,35220,Birmingham,AL,6/10/2010
47,Tansy,Tracey,123 Hagan Trail,35225,Birmingham,AL,12/6/2008
48,Bellina,Barber,78565 Columbus Pass,64504,Saint Joseph,MO,10/2/2008
49,Andros,Lailey,48037 Elka Park,91499,Van Nuys,CA,4/6/2013
50,Olly,Akett,4 Lindbergh Crossing,2142,Cambridge,MA,6/1/2007
51,Gallagher,Weekland,063 Dakota Junction,93305,Bakersfield,CA,9/17/2008
52,Benny,Luff,0780 Bunting Place,11407,Jamaica,NY,1/17/2009
53,Caty,Paule,9 Hansons Terrace,92822,Brea,CA,2/24/2009
54,Caspar,Milington,878 Charing Cross Trail,77299,Houston,TX,12/29/2006
55,Bunny,Gabey,36633 Corry Parkway,68110,Omaha,NE,1/24/2007
56,Gloriane,Billows,19 Eagan Point,19714,Newark,DE,7/12/2013
57,Kelila,Clemerson,53 Truax Crossing,20442,Washington,DC,12/1/2007
58,Virgina,Siebert,91902 Eagan Street,40205,Louisville,KY,10/7/2006
59,Saundra,Phelip,96677 La Follette Street,46226,Indianapolis,IN,11/30/2010
60,Lulu,Emanson,1003 Bellgrove Center,35285,Birmingham,AL,3/14/2011
61,Abbot,Aymeric,52411 Sutteridge Center,64160,Kansas City,MO,9/2/2009
62,Bibbye,Lechelle,4511 Center Court,16534,Erie,PA,6/11/2013
63,Kathye,Lilywhite,641 Luster Terrace,78296,San Antonio,TX,4/10/2012
64,Mike,De Bischop,6 Ramsey Junction,10019,New York City,NY,6/21/2007
65,Reagen,Neesham,00408 Tennyson Junction,52809,Davenport,IA,4/10/2010
66,Marilee,Peerless,31 Bellgrove Alley,18763,Wilkes Barre,PA,12/23/2012
67,Nickolas,Carpenter,8576 Corben Place,53785,Madison,WI,7/20/2013
68,Kelsi,Mattis,29398 Magdeline Plaza,31410,Savannah,GA,11/26/2011
69,Rufe,Redsall,85 Heffernan Trail,10305,Staten Island,NY,5/5/2008
70,Derek,Billitteri,0288 Northport Center,39204,Jackson,MS,5/2/2012
71,Jammie,Samsworth,2185 Autumn Leaf Junction,96850,Honolulu,HI,9/25/2009
72,Cob,Gladdor,96638 Jana Lane,29220,Columbia,SC,10/3/2007
73,Killy,Ades,4813 Village Green Way,64136,Kansas City,MO,4/22/2013
74,Essy,Tremoulet,05 Chinook Court,97296,Portland,OR,8/21/2009
75,Filippo,Golds,02503 Gina Terrace,64082,Lees Summit,MO,8/6/2013
76,Faina,Phare,723 Pankratz Parkway,93034,Oxnard,CA,9/23/2010
77,Diandra,Dearness,6 Rusk Point,20073,Washington,DC,3/29/2009
78,Byrann,Gayler,066 Hooker Way,53220,Milwaukee,WI,3/8/2013
79,Fremont,Lorenzini,99766 Ludington Parkway,32605,Gainesville,FL,6/10/2013
80,Salomo,O' Gara,8793 Village Green Plaza,84093,Sandy,UT,6/19/2008
81,Aguste,Mackneis,54 Old Gate Avenue,55115,Saint Paul,MN,12/16/2008
82,Glyn,Gilburt,06551 Ruskin Lane,55458,Minneapolis,MN,12/8/2007
83,Garwood,Sheehy,1203 Memorial Way,34210,Bradenton,FL,1/14/2013
84,Edy,Eary,4840 Sloan Parkway,55146,Saint Paul,MN,5/28/2008
85,Nelle,Aronstam,739 Morningstar Lane,74184,Tulsa,OK,1/21/2012
86,Romola,Yeaman,26 Stang Street,75210,Dallas,TX,11/16/2010
87,Hubie,Doel,80 Schmedeman Place,88514,El Paso,TX,10/11/2009
88,Guenna,Ackred,630 Basil Parkway,89714,Carson City,NV,3/18/2009
89,Ynes,Spittall,6943 East Road,32595,Pensacola,FL,12/26/2006
90,Welbie,Gowlett,06 Kings Trail,2458,Newton,MA,12/15/2012
91,Cory,Hartnell,22 Sunfield Lane,85215,Mesa,AZ,5/13/2010
92,Bartholomeus,Krysztofowicz,73521 Magdeline Hill,30506,Gainesville,GA,9/6/2012
93,Victoria,Nyssens,86 Evergreen Crossing,91797,Pomona,CA,7/17/2012
94,Gae,O' Mulderrig,27787 Judy Lane,75342,Dallas,TX,10/18/2006
95,Frasquito,Lavalde,99632 Westend Road,90305,Inglewood,CA,5/23/2007
96,Con,Pountain,8625 Longview Circle,20167,Sterling,VA,2/3/2010
97,Bertie,Leicester,4 Lotheville Drive,75246,Dallas,TX,6/28/2011
98,Lucila,Lisciandri,9436 Quincy Avenue,80310,Boulder,CO,1/16/2010
99,Amelita,George,185 Moose Place,10131,New York City,NY,8/22/2007
100,Corinne,Stieger,53 Commercial Circle,33680,Tampa,FL,8/4/2007
101,Mead,Melchior,84143 Spohn Place,84403,Ogden,UT,2/22/2008
102,Corly,Rome,1 Swallow Street,46202,Indianapolis,IN,5/1/2008
103,Ross,Simoncini,4889 Lakewood Alley,32964,Vero Beach,FL,10/26/2009
104,Crissy,Wherry,02 Gulseth Way,96835,Honolulu,HI,7/24/2013
105,Wilhelm,Idel,792 Center Park,32128,Daytona Beach,FL,4/20/2009
106,Giusto,Cogle,426 Hagan Parkway,50393,Des Moines,IA,1/12/2012
107,Kissie,Jouannin,14509 Myrtle Alley,36109,Montgomery,AL,11/28/2009
108,Bertina,Porritt,9 Nova Lane,92668,Orange,CA,6/7/2012
109,Linnea,Moscone,873 Gulseth Circle,91499,Van Nuys,CA,4/20/2012
110,Nada,Croad,593 Longview Point,32590,Pensacola,FL,1/26/2008
111,Ezekiel,Willingham,2 Oakridge Parkway,78255,San Antonio,TX,12/17/2009
112,Piggy,Coppledike,8 Grover Street,18763,Wilkes Barre,PA,4/1/2008
113,Harmon,Nucciotti,974 Banding Avenue,32259,Jacksonville,FL,5/15/2013
114,Fielding,McNeill,40 Monument Center,95108,San Jose,CA,7/18/2007
115,Kurtis,Cromleholme,80473 Karstens Point,31205,Macon,GA,11/24/2010
116,Homer,Defries,697 Maryland Junction,32255,Jacksonville,FL,6/24/2010
117,Zitella,Rault,2 Burning Wood Hill,50315,Des Moines,IA,1/6/2008
118,Sam,Youell,1 Commercial Place,68510,Lincoln,NE,5/22/2007
119,Phebe,Churchward,4567 Village Green Terrace,45264,Cincinnati,OH,3/30/2013
120,Binni,Guwer,1533 Rowland Road,33673,Tampa,FL,11/20/2006
121,Nerti,Clarage,1 Kensington Avenue,25709,Huntington,WV,6/18/2013
122,Emmalyn,Byatt,36 Buena Vista Park,27626,Raleigh,NC,10/1/2012
123,Alfonso,Whittier,87229 Esker Parkway,75397,Dallas,TX,2/20/2009
124,Borden,Louch,56143 Blaine Pass,75379,Dallas,TX,9/6/2006
125,Elonore,Jurzyk,9426 School Hill,34210,Bradenton,FL,6/23/2007
126,Cirilo,Phillp,33 Forest Avenue,77090,Houston,TX,6/21/2008
127,Kally,Lighton,50157 Thompson Avenue,85067,Phoenix,AZ,10/27/2006
128,Leo,Kermath,91162 Saint Paul Road,80310,Boulder,CO,9/3/2010
129,Thea,Satterthwaite,51 Ridgeway Plaza,33673,Tampa,FL,7/2/2010
130,Sybilla,Ropartz,7607 Canary Drive,97306,Salem,OR,1/14/2007
131,Zacharia,Jobbing,6 Duke Court,74108,Tulsa,OK,5/15/2009
132,Konstance,Brett,1722 Artisan Parkway,70805,Baton Rouge,LA,1/15/2008
133,Kial,Iacovucci,23 Buhler Place,52410,Cedar Rapids,IA,4/23/2007
134,Raddy,Connichie,38945 Reindahl Circle,39204,Jackson,MS,2/8/2007
135,Forester,Guidi,2748 Milwaukee Circle,73197,Oklahoma City,OK,4/5/2011
136,Neron,McArd,4 Victoria Parkway,33320,Fort Lauderdale,FL,1/13/2011
137,Tailor,de Glanville,2125 Haas Hill,61629,Peoria,IL,12/28/2006
138,Sayres,De Biasio,05 7th Point,30919,Augusta,GA,3/2/2008
139,Gar,Gidman,73971 Crownhardt Hill,46247,Indianapolis,IN,10/3/2012
140,Demetri,Crowson,2561 Acker Parkway,19191,Philadelphia,PA,5/29/2007
141,Morry,Bodiam,45276 Loftsgordon Court,45254,Cincinnati,OH,1/25/2007
142,Maude,Ruddoch,2 Dakota Way,94142,San Francisco,CA,3/29/2012
143,Belinda,Stobbs,80731 Sugar Way,71307,Alexandria,LA,8/23/2013
144,Kristy,Goldsby,510 Clarendon Avenue,33336,Fort Lauderdale,FL,9/21/2008
145,Cooper,Byers,0 Dottie Drive,95118,San Jose,CA,3/13/2008
146,Patrizius,Duplain,8017 Loomis Parkway,30386,Atlanta,GA,8/18/2013
147,Pooh,Jaques,943 Marquette Point,77218,Houston,TX,3/15/2011
148,Gunar,Duligall,6806 Arrowood Court,48919,Lansing,MI,2/14/2010
149,Cathryn,Philippart,630 Texas Point,30328,Atlanta,GA,5/4/2010
150,Shena,Markus,321 Spaight Lane,64144,Kansas City,MO,5/21/2007
151,Bobinette,McClary,895 Kedzie Point,75277,Dallas,TX,1/3/2011
152,Annemarie,Bake,04 East Crossing,76705,Waco,TX,6/7/2013
153,Nell,Lansdale,5 Pennsylvania Hill,94110,San Francisco,CA,4/24/2008
154,Tabby,Brandi,00680 Anzinger Way,34981,Fort Pierce,FL,11/27/2006
155,Khalil,Putland,6 Green Ridge Pass,11447,Jamaica,NY,8/9/2007
156,Ophelia,Yorston,1 Harper Trail,75372,Dallas,TX,5/11/2008
157,Viv,Meaker,27 Reinke Street,99260,Spokane,WA,12/11/2007
158,Tracee,Deverson,5 Debra Court,72215,Little Rock,AR,6/4/2010
159,Shurlock,Attwell,1551 Dakota Center,35285,Birmingham,AL,9/10/2010
160,Engelbert,Tilling,1417 Lakeland Junction,80920,Colorado Springs,CO,6/25/2008
161,Rubie,Davall,360 Mesta Drive,25726,Huntington,WV,3/5/2009
162,Liliane,Bragg,139 Sutteridge Way,80217,Denver,CO,8/21/2013
163,Charles,Sertin,62184 Park Meadow Plaza,2405,Brockton,MA,4/21/2007
164,Heath,Marson,33045 Ryan Drive,77075,Houston,TX,12/19/2009
165,Charity,Ridsdole,616 Grasskamp Junction,80279,Denver,CO,7/21/2011
166,Bunni,Salan,40380 Harbort Alley,25389,Charleston,WV,4/9/2011
167,York,Slides,08 3rd Junction,70142,New Orleans,LA,6/19/2013
168,Marshall,Lesslie,07 Merrick Park,75507,Texarkana,TX,11/23/2012
169,Annabal,McNay,75 Graceland Avenue,50393,Des Moines,IA,11/15/2011
170,Travers,Magauran,6 Mifflin Parkway,53785,Madison,WI,3/25/2013
171,Lindsy,Rawls,440 Ilene Point,75265,Dallas,TX,2/6/2010
172,Gawen,Praundlin,3679 Hanover Plaza,19058,Levittown,PA,10/16/2007
173,Gwyneth,Ivetts,38 Declaration Way,37450,Chattanooga,TN,3/27/2012
174,Nevil,Tetlow,7975 Westport Terrace,30323,Atlanta,GA,3/27/2008
175,Gaylord,Probets,707 Bashford Road,75260,Dallas,TX,5/26/2008
176,Harley,Fitzsymonds,79765 Pine View Point,18706,Wilkes Barre,PA,3/27/2012
177,Reggi,Lees,6414 Blaine Parkway,32854,Orlando,FL,5/29/2011
178,Alysa,MacGow,03 Sauthoff Center,98506,Olympia,WA,8/8/2011
179,Amargo,Death,2655 Shelley Trail,20088,Washington,DC,9/28/2006
180,Sibby,Crosio,414 Logan Drive,20910,Silver Spring,MD,4/1/2012
181,Bartholomeus,Girsch,1120 Hagan Park,40225,Louisville,KY,5/20/2008
182,Gilbert,Norgate,83710 Ryan Alley,10606,White Plains,NY,9/25/2010
183,Anstice,Chestnutt,832 Forest Dale Place,86305,Prescott,AZ,4/17/2008
184,Binnie,Beddo,55862 Carberry Circle,20210,Washington,DC,9/4/2012
185,Janey,Golbourn,360 Briar Crest Avenue,29403,Charleston,SC,11/27/2011
186,Engracia,Millimoe,6 Lunder Way,95397,Modesto,CA,9/24/2010
187,Lorrayne,Stallibrass,723 Emmet Plaza,87140,Albuquerque,NM,5/29/2011
188,Michael,Ohrtmann,4 Lien Junction,78789,Austin,TX,2/24/2012
189,Sherlock,Abercromby,12 Evergreen Drive,20067,Washington,DC,9/5/2007
190,Allx,O'Hone,741 Springview Hill,32891,Orlando,FL,10/6/2010
191,Reece,Henriquet,150 Bluestem Junction,23242,Richmond,VA,2/6/2007
192,Loleta,Cullip,105 Kinsman Plaza,30392,Atlanta,GA,8/12/2009
193,Roddie,Purser,9 Arapahoe Court,90071,Los Angeles,CA,4/30/2010
194,Willi,Greville,02 Memorial Alley,84199,Salt Lake City,UT,2/4/2010
195,Lorens,Meric,99128 Raven Avenue,31296,Macon,GA,8/1/2008
196,Webb,Feldbrin,647 Fairview Plaza,14215,Buffalo,NY,7/9/2012
197,Levey,Cathee,83 Gateway Parkway,98109,Seattle,WA,12/20/2008
198,Nevins,Morgan,992 Golden Leaf Drive,19093,Philadelphia,PA,8/22/2010
199,Emory,Riditch,6 Myrtle Road,32204,Jacksonville,FL,4/7/2012
200,Amaleta,Skitteral,202 Parkside Hill,23464,Virginia Beach,VA,5/21/2008
201,Tandie,Melbert,16015 Warrior Circle,48076,Southfield,MI,8/18/2007
202,Arlene,Yourell,96674 Mitchell Court,31998,Columbus,GA,11/2/2009
203,Floria,Thies,9 Warrior Terrace,48275,Detroit,MI,5/10/2013
204,Mil,Ventris,35 Meadow Valley Point,10275,New York City,NY,10/24/2010
205,Cecil,Cockle,21243 Glendale Pass,60351,Carol Stream,IL,1/21/2012
206,Birch,Buzine,686 Carioca Drive,64190,Kansas City,MO,7/30/2010
207,Heda,Bower,4835 Pearson Hill,6859,Norwalk,CT,10/18/2010
208,Evanne,Carlyle,4764 Algoma Point,80638,Greeley,CO,12/18/2011
209,Laryssa,Tolcharde,444 Glacier Hill Street,10170,New York City,NY,5/19/2010
210,Cecilla,Elfe,77224 Golf Course Way,92822,Brea,CA,7/4/2010
211,Juliann,Oakey,120 Texas Street,98687,Vancouver,WA,5/22/2012
212,Zelda,McNevin,6 Bluestem Pass,19178,Philadelphia,PA,4/30/2011
213,Niel,Puttnam,050 Blaine Parkway,36109,Montgomery,AL,1/7/2008
214,Heywood,Speakman,33391 Red Cloud Drive,87180,Albuquerque,NM,7/4/2010
215,Onofredo,Gentery,24944 Annamark Drive,99790,Fairbanks,AK,1/30/2013
216,Marv,Riolfi,255 Stephen Court,37924,Knoxville,TN,5/1/2009
217,Arin,Scraney,1847 Sutherland Pass,88514,El Paso,TX,9/29/2009
218,Ellerey,Thunder,264 Springs Trail,2119,Boston,MA,11/19/2007
219,Crosby,Wigg,48 Jenna Avenue,33141,Miami Beach,FL,5/29/2010
220,Merrile,Joyes,87234 Elgar Road,40576,Lexington,KY,8/23/2008
221,Kayle,Spincke,8 Grasskamp Street,45228,Cincinnati,OH,5/24/2007
222,Rabi,Davitashvili,15 Crescent Oaks Drive,23551,Norfolk,VA,7/1/2013
223,Brunhilda,Petrov,8 Prairie Rose Junction,37228,Nashville,TN,3/15/2008
224,Joline,Kennington,8584 Glacier Hill Parkway,38136,Memphis,TN,7/19/2010
225,Netta,Nevitt,59033 Anzinger Pass,23464,Virginia Beach,VA,8/18/2010
226,Eulalie,Lardnar,7741 Bellgrove Lane,80235,Denver,CO,10/18/2007
227,Brynna,Martelet,3 Lighthouse Bay Crossing,35805,Huntsville,AL,5/14/2011
228,Noemi,Conti,15 Onsgard Court,40618,Frankfort,KY,6/22/2010
229,Raddie,Camerello,89198 Ronald Regan Avenue,27455,Greensboro,NC,11/26/2011
230,Damiano,McNickle,2857 Lien Way,33710,Saint Petersburg,FL,4/6/2013
231,Charla,Ledgeway,1916 Grasskamp Center,84105,Salt Lake City,UT,3/28/2013
232,Prince,Hoodspeth,79830 Heath Trail,64193,Kansas City,MO,7/5/2008
233,Paten,Landeaux,87 Ridgeview Point,10454,Bronx,NY,10/23/2012
234,Alberto,Chattington,30 Spenser Crossing,45203,Cincinnati,OH,12/7/2011
235,Jermain,Scapens,79912 Esch Drive,91406,Van Nuys,CA,10/29/2007
236,Justen,Chalice,5213 Granby Court,29220,Columbia,SC,7/24/2009
237,Zuzana,Vankov,83 Norway Maple Hill,90005,Los Angeles,CA,5/4/2013
238,Andrew,Leneham,2 Goodland Hill,90050,Los Angeles,CA,8/3/2011
239,Christina,Maseres,26 Brickson Park Drive,40293,Louisville,KY,3/30/2009
240,Sioux,Simnor,48233 Onsgard Parkway,79410,Lubbock,TX,8/28/2007
241,Harmony,Omond,240 Evergreen Street,83727,Boise,ID,1/6/2007
242,Lexine,Skirven,852 Scott Place,20337,Washington,DC,12/1/2011
243,Mandy,Balasin,54 Merrick Terrace,87115,Albuquerque,NM,9/2/2006
244,Hanni,Sent,1 Corben Hill,6905,Stamford,CT,2/18/2009
245,Truda,Cridland,85263 Fallview Point,93591,Palmdale,CA,2/24/2007
246,Bobbie,Forster,479 Boyd Plaza,76096,Arlington,TX,11/17/2012
247,Austin,Webland,4971 Lighthouse Bay Road,60609,Chicago,IL,6/1/2007
248,Kathrine,Philpault,39210 Butternut Lane,65810,Springfield,MO,4/23/2011
249,Dody,Coulthard,651 North Circle,30905,Augusta,GA,11/12/2006
250,Saundra,Tedder,03 Armistice Street,45432,Dayton,OH,3/18/2011
251,Tamas,Offin,8059 Walton Road,14614,Rochester,NY,11/10/2006
252,Delcine,Le Marquis,1878 Scoville Way,64125,Kansas City,MO,1/9/2009
253,Ignazio,Portis,237 Barnett Avenue,34102,Naples,FL,6/14/2012
254,Kara-lynn,Foyle,6153 Beilfuss Center,11044,New Hyde Park,NY,3/7/2007
255,Matthew,Skittrell,480 Amoth Road,95828,Sacramento,CA,4/13/2007
256,Pierrette,Gordge,2 Myrtle Parkway,75236,Dallas,TX,11/14/2008
257,Hulda,Bedome,2830 Dryden Road,48670,Midland,MI,12/27/2009
258,Rosemonde,Kerfut,3 5th Terrace,35295,Birmingham,AL,2/16/2013
259,Nollie,Tubble,3878 Butterfield Junction,85255,Scottsdale,AZ,3/29/2010
260,Brad,Marians,14449 Esch Point,88563,El Paso,TX,5/21/2012
261,Costa,MacDunleavy,9980 Kipling Lane,75260,Dallas,TX,6/2/2013
262,Jorgan,Mannakee,5 Utah Way,22903,Charlottesville,VA,5/16/2007
263,Giana,Bysh,36 Calypso Way,54305,Green Bay,WI,4/11/2009
264,Kevin,Falkner,6902 Steensland Street,30323,Atlanta,GA,1/14/2010
265,Husein,Chislett,498 Colorado Hill,10099,New York City,NY,3/22/2013
266,Sula,Youngman,51737 Dawn Place,78754,Austin,TX,7/7/2013
267,Goober,Townend,99 Center Parkway,75265,Dallas,TX,12/9/2007
268,Stevena,Copsey,65679 Loftsgordon Court,82007,Cheyenne,WY,4/13/2012
269,Natalya,Mobley,89 Donald Crossing,93715,Fresno,CA,4/24/2008
270,Loutitia,Cason,4355 Dayton Terrace,43226,Columbus,OH,4/15/2012
271,Cody,Game,17 Banding Avenue,85743,Tucson,AZ,1/14/2007
272,Maryann,Filipic,7 Hazelcrest Plaza,70149,New Orleans,LA,8/6/2013
273,Sheilakathryn,Prestwich,01845 Pawling Park,7104,Newark,NJ,8/5/2012
274,Kelley,Treadgear,503 Merrick Lane,55565,Monticello,MN,2/23/2008
275,Jobyna,Arnauduc,0 Novick Park,50369,Des Moines,IA,7/20/2009
276,Christi,Killiam,85849 Bartelt Trail,1114,Springfield,MA,5/12/2010
277,Kimball,Domleo,43 Kedzie Court,30368,Atlanta,GA,2/6/2013
278,Fayre,Cockett,6 Cherokee Center,35263,Birmingham,AL,6/11/2013
279,Hughie,Henzer,3895 Pepper Wood Plaza,15210,Pittsburgh,PA,5/22/2008
280,Rutger,Broune,3741 Prairieview Parkway,91205,Glendale,CA,1/6/2013
281,Charmine,Hale,79 Village Point,30343,Atlanta,GA,5/5/2011
282,Delaney,Dust,9874 Brentwood Place,38188,Memphis,TN,5/23/2010
283,Alis,Simonazzi,91723 Northridge Lane,43220,Columbus,OH,1/29/2012
284,Rutter,Fonzo,6488 Melrose Place,70826,Baton Rouge,LA,9/16/2009
285,Lacie,Joyes,413 Bultman Junction,73179,Oklahoma City,OK,5/7/2010
286,Everett,Godfroy,5869 Sage Way,38188,Memphis,TN,6/19/2012
287,Bary,Kingsley,9567 Nelson Alley,68531,Lincoln,NE,3/18/2012
288,Lauretta,Force,94395 Mesta Hill,38197,Memphis,TN,10/8/2012
289,Crista,Dollar,11658 Grasskamp Park,72215,Little Rock,AR,12/12/2009
290,Marget,Coche,1 Moose Way,29319,Spartanburg,SC,10/6/2009
291,Martyn,McCluney,5866 Moland Alley,33169,Miami,FL,12/12/2009
292,Marilee,Lightewood,19189 Weeping Birch Plaza,75049,Garland,TX,5/27/2009
293,Lewes,Newtown,859 Kingsford Plaza,63136,Saint Louis,MO,1/5/2008
294,Waly,Calendar,05378 Marcy Crossing,27404,Greensboro,NC,2/28/2012
295,Richie,Siberry,4 Morning Alley,87505,Santa Fe,NM,5/29/2012
296,Spence,Pender,19 West Place,76711,Waco,TX,11/28/2011
297,Sherie,Tapsfield,40524 Coleman Way,98405,Tacoma,WA,8/21/2010
298,Daisi,Novik,58 Bunting Street,23668,Hampton,VA,2/8/2008
299,Aldin,Sifleet,86803 Corry Center,14683,Rochester,NY,10/8/2009
300,Cairistiona,Glyn,2031 Northfield Hill,95973,Chico,CA,7/24/2011
301,Tyson,Maughan,5874 Namekagon Park,43284,Columbus,OH,8/21/2011
302,Lillis,Lardez,5 Grim Parkway,36134,Montgomery,AL,1/22/2008
303,Odie,Banes,55310 Arrowood Terrace,39296,Jackson,MS,8/25/2009
304,Clifford,Ead,2 School Street,80044,Aurora,CO,3/3/2013
305,Griffith,Pencost,75 Thackeray Drive,17605,Lancaster,PA,10/11/2012
306,Stephie,Ledamun,4758 Erie Drive,2162,Newton,MA,3/9/2009
307,Carla,Broadwell,28 Golf Course Junction,85045,Phoenix,AZ,11/18/2010
308,Obidiah,Boutwell,21 Macpherson Street,73135,Oklahoma City,OK,11/7/2010
309,Avivah,Gonzalez,99125 Express Drive,79705,Midland,TX,1/5/2012
310,Rozamond,Ruttgers,24833 Linden Center,36205,Anniston,AL,7/25/2012
311,Emmett,Dallimare,262 Hoard Road,77346,Humble,TX,12/1/2006
312,Beatriz,Skillern,0036 Independence Place,34479,Ocala,FL,11/8/2011
313,Axe,Curnock,62404 Porter Way,25705,Huntington,WV,3/25/2007
314,Suzanne,Gradly,91 Farwell Place,44555,Youngstown,OH,11/4/2010
315,Ruthy,Gravell,329 Wayridge Lane,88563,El Paso,TX,12/13/2009
316,Burton,Aleswell,68 Elgar Alley,53779,Madison,WI,11/29/2009
317,Reyna,Wetherell,1 Cottonwood Parkway,71213,Monroe,LA,10/4/2008
318,Marylinda,Kerswill,74 Clove Alley,80951,Colorado Springs,CO,5/1/2010
319,Virgie,Layburn,6 Mitchell Crossing,43615,Toledo,OH,8/12/2007
320,Kaye,Bleything,3 Northport Plaza,55905,Rochester,MN,3/16/2013
321,Sharlene,Sedger,62212 Fremont Avenue,79989,El Paso,TX,10/7/2007
322,Sukey,Readshaw,72 Randy Avenue,2305,Brockton,MA,1/19/2013
323,Amitie,Sawl,89145 Lake View Alley,99812,Juneau,AK,5/16/2007
324,Nessie,Varney,6 Menomonie Terrace,70607,Lake Charles,LA,8/28/2009
325,Daphna,Muttitt,57 Loftsgordon Place,68117,Omaha,NE,4/16/2007
326,Jelene,Gillooly,07 Green Drive,45426,Dayton,OH,12/2/2010
327,Loydie,Spelwood,5060 Crownhardt Center,72905,Fort Smith,AR,8/25/2009
328,Kirsten,Chaloner,51321 Hoard Point,80930,Colorado Springs,CO,2/23/2009
329,Clayborne,Scroggie,240 Northwestern Plaza,79989,El Paso,TX,8/30/2012
330,Athena,Kerwen,79527 Mendota Parkway,48098,Troy,MI,11/29/2008
331,Kennith,Pullinger,28 Kim Plaza,49518,Grand Rapids,MI,8/8/2011
332,Orland,Whithorn,567 Esch Junction,10474,Bronx,NY,11/14/2012
333,Morley,Klees,2092 Oak Valley Crossing,89505,Reno,NV,8/27/2013
334,Melisandra,Allom,9069 Forest Terrace,55458,Minneapolis,MN,10/24/2011
335,Gordy,Southan,63 Green Junction,30610,Athens,GA,1/14/2008
336,Sylvan,Dayton,10199 Burning Wood Circle,27116,Winston Salem,NC,10/27/2010
337,Christel,Brito,5714 Duke Junction,58207,Grand Forks,ND,4/3/2009
338,Clarinda,Eicke,4048 Marcy Point,85045,Phoenix,AZ,3/29/2010
339,Wynne,Belle,2 Division Center,78703,Austin,TX,6/27/2007
340,Ruy,Bernardi,381 Novick Drive,75241,Dallas,TX,9/27/2007
341,Susi,Motten,83541 Arkansas Way,98405,Tacoma,WA,6/28/2011
342,Kitty,Haville,5778 Forest Lane,33777,Largo,FL,7/28/2009
343,Clarissa,Lambdean,69 Oakridge Drive,22333,Alexandria,VA,5/6/2009
344,Feliza,Tonge,7269 Ronald Regan Road,45440,Dayton,OH,12/10/2009
345,Melita,Criple,72946 Hagan Alley,64199,Kansas City,MO,7/6/2011
346,Lurleen,Widdecombe,73499 Jackson Point,59806,Missoula,MT,10/16/2007
347,Wini,Traice,8349 8th Street,52405,Cedar Rapids,IA,7/27/2008
348,Derwin,Bannister,7 Hayes Avenue,10633,White Plains,NY,2/4/2008
349,Claribel,Jentgens,06 Pine View Place,53779,Madison,WI,5/2/2008
350,Lem,Dummett,3072 Ilene Terrace,43610,Toledo,OH,3/3/2013
351,Adele,Giraldon,6501 Utah Avenue,14639,Rochester,NY,1/30/2007
352,Nicola,Raraty,11691 Superior Trail,58505,Bismarck,ND,9/18/2011
353,Mavra,Mabbe,866 Carberry Alley,78703,Austin,TX,3/27/2008
354,Katharine,Penney,0015 Delladonna Point,68117,Omaha,NE,5/12/2008
355,Silvanus,Niles,0364 Anthes Place,1129,Springfield,MA,3/13/2010
356,Darleen,Blasius,9 Old Gate Terrace,15279,Pittsburgh,PA,9/1/2010
357,Emera,Buglass,863 Toban Hill,50320,Des Moines,IA,9/30/2011
358,Barny,Laughren,49 Vermont Avenue,20918,Silver Spring,MD,12/27/2010
359,Catherine,Stother,07 Almo Drive,31410,Savannah,GA,7/23/2011
360,Vannie,Domb,30 Linden Pass,54313,Green Bay,WI,7/4/2011
361,Lazarus,Philippsohn,75 Maple Parkway,44105,Cleveland,OH,9/22/2006
362,Sibel,Baterip,6 Brentwood Crossing,5609,Montpelier,VT,9/17/2010
363,Salomi,Askie,0461 Scofield Lane,44185,Cleveland,OH,9/2/2011
364,Vivie,Gascard,371 Jackson Pass,89519,Reno,NV,7/15/2013
365,Harp,Brabender,4 Commercial Lane,91505,Burbank,CA,10/24/2010
366,Mata,Bolduc,1379 Bellgrove Junction,30311,Atlanta,GA,1/31/2007
367,Kile,Chatwin,13 Truax Plaza,90189,Los Angeles,CA,7/5/2011
368,Laurette,Mulqueeny,422 Twin Pines Circle,87115,Albuquerque,NM,5/13/2010
369,Karney,Brockett,638 Anzinger Point,53205,Milwaukee,WI,5/10/2011
370,Cam,Eichmann,8847 Claremont Lane,49444,Muskegon,MI,9/26/2012
371,Barnie,Sinclair,48274 Waxwing Point,78405,Corpus Christi,TX,11/13/2012
372,Salome,Dominik,5 Dahle Court,32835,Orlando,FL,8/11/2011
373,Faye,Skip,0832 Norway Maple Park,93386,Bakersfield,CA,4/25/2012
374,Larisa,Pescod,413 Mcbride Lane,76711,Waco,TX,10/10/2011
375,Gabriela,Seer,3 Delaware Road,33884,Winter Haven,FL,2/25/2011
376,Florella,Innot,57 Lake View Terrace,2472,Watertown,MA,4/23/2013
377,Gill,Pealing,83 Vernon Terrace,40266,Louisville,KY,6/11/2010
378,Elke,Drinnan,9525 Kingsford Way,28225,Charlotte,NC,3/15/2009
379,Roger,Pitblado,47 Rutledge Way,30340,Atlanta,GA,12/26/2006
380,Patience,Mandres,5 Bashford Place,10260,New York City,NY,2/22/2012
381,Debi,Schlagtmans,00 Shelley Trail,89036,North Las Vegas,NV,8/28/2012
382,Raye,Risley,2 Sycamore Trail,84120,Salt Lake City,UT,11/21/2006
383,Welch,Darrel,95 Reindahl Crossing,27157,Winston Salem,NC,5/11/2010
384,Cecelia,Conigsby,4256 Homewood Plaza,34205,Bradenton,FL,8/4/2008
385,Bernarr,Gladwish,945 Waubesa Plaza,34276,Sarasota,FL,9/20/2008
386,Esmaria,Jalland,87 Buhler Trail,20566,Washington,DC,5/12/2009
387,Cece,Pillifant,384 Kenwood Trail,15279,Pittsburgh,PA,8/7/2007
388,Valera,Denkin,09449 Ryan Way,32859,Orlando,FL,2/14/2008
389,Filbert,Rycroft,05528 Heath Way,44111,Cleveland,OH,10/7/2012
390,Juliet,Etherson,58597 Bobwhite Junction,33142,Miami,FL,6/9/2011
391,Rhianon,McNern,5178 West Road,10120,New York City,NY,4/18/2010
392,Arny,Mandrake,761 Crownhardt Alley,33325,Fort Lauderdale,FL,6/16/2011
393,Chrissy,Pawden,35102 East Park,35210,Birmingham,AL,3/2/2013
394,Zitella,Cakes,1 6th Trail,10090,New York City,NY,6/9/2009
395,Hugues,Artus,6072 Dahle Circle,44105,Cleveland,OH,8/29/2009
396,Carlin,Mackison,064 Gerald Plaza,70129,New Orleans,LA,4/3/2011
397,Horatius,Fayer,13 Vidon Parkway,62705,Springfield,IL,8/16/2011
398,Penni,Gaudon,832 Mccormick Trail,18018,Bethlehem,PA,9/25/2012
399,Duncan,Lambert,4 Merrick Avenue,72222,Little Rock,AR,4/1/2013
400,Onida,Le Merchant,243 Homewood Trail,85083,Phoenix,AZ,10/28/2011
401,Worden,Bickerdike,2342 Eliot Point,44105,Cleveland,OH,6/5/2010
402,Branden,Franzonetti,25897 Raven Avenue,99220,Spokane,WA,10/18/2010
403,Sibel,Gaine,9 Pankratz Street,91797,Pomona,CA,5/22/2007
404,Vanni,Pleven,6276 Farragut Avenue,92717,Irvine,CA,7/23/2007
405,Morganne,Jeffress,59253 Bowman Hill,77065,Houston,TX,1/2/2009
406,Natalee,Yurtsev,85504 Carioca Point,98506,Olympia,WA,9/9/2008
407,Tynan,Bruin,309 Hayes Plaza,92405,San Bernardino,CA,9/10/2011
408,Ertha,Hawkeswood,9191 Forest Avenue,46896,Fort Wayne,IN,6/22/2009
409,Verge,Heintsch,47257 Farragut Hill,60567,Naperville,IL,3/13/2013
410,Rosella,Latliff,30877 Melrose Court,92410,San Bernardino,CA,7/29/2008
411,Nevsa,Briddle,71300 Mifflin Park,75037,Irving,TX,9/24/2008
412,Thomasin,Bernollet,58107 Transport Trail,75236,Dallas,TX,5/30/2012
413,Henry,Commusso,13 Canary Alley,15261,Pittsburgh,PA,3/22/2011
414,Raphael,Farrah,640 Myrtle Street,63121,Saint Louis,MO,12/31/2011
415,Concettina,Holtom,151 Pierstorff Court,37235,Nashville,TN,8/23/2010
416,Catrina,Fownes,1389 Hovde Junction,50310,Des Moines,IA,12/25/2007
417,Miguelita,Mylchreest,1434 Stoughton Circle,12242,Albany,NY,10/17/2012
418,Delia,Frontczak,005 Old Gate Pass,64504,Saint Joseph,MO,5/2/2008
419,Gerri,Senechell,8 Heath Park,21216,Baltimore,MD,11/19/2012
420,Ame,Polin,243 Cordelia Park,76505,Temple,TX,12/3/2007
421,Rosa,Buckett,52 Lakewood Gardens Place,77050,Houston,TX,11/16/2011
422,Mattie,Weerdenburg,68 Holy Cross Crossing,75397,Dallas,TX,8/21/2008
423,Martin,Piscopo,0734 Mayer Avenue,75342,Dallas,TX,1/26/2013
424,Derrek,Van der Beken,594 Stone Corner Lane,94110,San Francisco,CA,3/29/2011
425,Lauren,Longbone,2843 Grover Junction,2124,Boston,MA,7/9/2012
426,Vera,Pinnocke,4 Warbler Park,90065,Los Angeles,CA,8/20/2011
427,Deerdre,Bly,88 Havey Point,33811,Lakeland,FL,11/27/2007
428,Crystie,McElrea,4 Wayridge Street,88553,El Paso,TX,11/21/2008
429,Tera,Lambdin,7 Continental Alley,20215,Washington,DC,11/3/2009
430,Solly,McAvinchey,115 Stuart Way,45408,Dayton,OH,2/29/2008
431,Kennett,Giraux,82 4th Court,75605,Longview,TX,2/2/2010
432,Meier,Patington,7005 Victoria Place,76178,Fort Worth,TX,7/27/2011
433,Anatola,Jezard,18874 Fieldstone Pass,98687,Vancouver,WA,8/12/2010
434,Coreen,McCoy,378 6th Way,47705,Evansville,IN,8/12/2011
435,Zitella,Strippel,963 Bluejay Road,83732,Boise,ID,2/27/2008
436,Casi,Scarrisbrick,78931 Red Cloud Circle,39296,Jackson,MS,4/27/2007
437,Dilan,Mosdill,98803 Longview Circle,64153,Kansas City,MO,5/7/2010
438,Rolph,Risbrough,1693 Lunder Junction,18763,Wilkes Barre,PA,8/17/2012
439,Janka,Stancer,26644 Eastwood Road,39505,Gulfport,MS,9/16/2009
440,Galina,Hanson,806 Truax Parkway,33994,Fort Myers,FL,11/2/2007
441,Dwain,Taye,3 Derek Court,85099,Phoenix,AZ,1/9/2013
442,Tommi,Sudddard,275 Schiller Trail,47937,Crawfordsville,IN,2/18/2010
443,Alley,Hadny,3502 Center Terrace,10606,White Plains,NY,11/9/2009
444,Harley,Robarts,3 Stephen Parkway,29605,Greenville,SC,6/9/2007
445,Salvidor,McEllen,6 Becker Junction,92505,Riverside,CA,11/28/2006
446,Richie,Sambrok,9282 Forest Run Point,93907,Salinas,CA,7/5/2007
447,Heidie,Shimmin,1 Basil Place,80150,Englewood,CO,3/19/2008
448,Ruthi,Bandiera,3228 Bay Hill,23260,Richmond,VA,4/1/2010
449,Lutero,Doornbos,81535 Aberg Park,92862,Orange,CA,3/10/2012
450,Kathlin,Petracco,0168 Rutledge Trail,73109,Oklahoma City,OK,6/21/2013
451,Alwyn,Karp,2 Morrow Street,10165,New York City,NY,7/4/2013
452,Sisile,Gronw,93 Mosinee Point,71208,Monroe,LA,3/21/2013
453,Terrence,Croose,2660 Sage Junction,27605,Raleigh,NC,3/23/2010
454,Octavius,Stoller,13 Superior Court,20299,Washington,DC,11/17/2010
455,Charla,Biggerdike,4145 Roxbury Plaza,45454,Dayton,OH,6/30/2009
456,Joseph,Ferrone,2192 Bonner Terrace,63136,Saint Louis,MO,1/29/2009
457,Dennie,Headech,60679 Brentwood Avenue,33310,Fort Lauderdale,FL,4/27/2012
458,Fin,Fennessy,171 Schurz Crossing,12205,Albany,NY,5/12/2009
459,Anabel,Bonallick,518 Mandrake Way,20580,Washington,DC,7/14/2007
460,Timofei,Pendred,43 Johnson Terrace,2109,Boston,MA,3/15/2009
461,Conrade,Aldam,1325 Towne Junction,56944,Washington,DC,3/8/2012
462,Ravi,Gerhardt,8 Steensland Point,92640,Fullerton,CA,8/21/2011
463,Aldwin,Hehir,33296 Mitchell Plaza,20508,Washington,DC,7/22/2011
464,Trever,Barnewille,217 Longview Court,32868,Orlando,FL,1/2/2012
465,Cyrill,Carme,9822 Summerview Lane,7208,Elizabeth,NJ,2/13/2013
466,Marco,Wadman,01870 Texas Parkway,38188,Memphis,TN,8/25/2008
467,Bartholomeo,Cottle,140 Debra Drive,78703,Austin,TX,5/8/2010
468,Marta,Skurray,18 Mccormick Court,33543,Zephyrhills,FL,8/14/2008
469,Gaye,Izod,1 Chive Road,78285,San Antonio,TX,5/9/2008
470,Rhys,Hucklesby,576 High Crossing Court,93591,Palmdale,CA,12/11/2011
471,Cordelia,Sawkin,13478 Sauthoff Terrace,45432,Dayton,OH,1/23/2007
472,Zena,Trett,374 Linden Way,55123,Saint Paul,MN,12/31/2008
473,Crista,Prayer,91 La Follette Parkway,75216,Dallas,TX,6/16/2010
474,Israel,Kinnock,4631 Straubel Drive,20430,Washington,DC,8/2/2010
475,Kaitlin,Recke,873 Hoard Junction,20226,Washington,DC,5/28/2010
476,Gabie,Seeking,3 Dakota Lane,75277,Dallas,TX,1/11/2010
477,Boigie,Siddons,2 Sundown Street,18763,Wilkes Barre,PA,10/9/2010
478,Tandi,Waterson,9 Brown Hill,91186,Pasadena,CA,5/13/2008
479,Stanleigh,Trevillion,43 Sunnyside Point,35815,Huntsville,AL,2/15/2011
480,Mattheus,Maier,307 Del Sol Plaza,25705,Huntington,WV,10/15/2010
481,Waly,Witling,1 Truax Point,98008,Bellevue,WA,3/19/2010
482,Spenser,Goodley,38 Mendota Drive,2912,Providence,RI,4/25/2013
483,Velvet,Kienle,394 Ramsey Trail,15230,Pittsburgh,PA,1/25/2009
484,Row,Towey,2 Redwing Hill,27615,Raleigh,NC,12/19/2007
485,Mechelle,McKeeman,86562 New Castle Lane,96835,Honolulu,HI,4/23/2007
486,Gardie,Flintiff,573 Starling Street,11431,Jamaica,NY,4/4/2007
487,Pooh,Hadwick,42769 Village Drive,34620,Clearwater,FL,3/8/2009
488,Madelin,Mazillius,77324 Everett Hill,73179,Oklahoma City,OK,11/25/2011
489,Kenneth,Ronan,1799 Vidon Court,23504,Norfolk,VA,8/1/2011
490,Tome,Stading,68529 Hoffman Place,33111,Miami,FL,9/9/2011
491,Marney,Bum,43 Randy Lane,91328,Northridge,CA,4/8/2007
492,Freddy,Dukes,0998 Texas Crossing,20425,Washington,DC,5/24/2011
493,Audrey,Pedrazzi,140 Arrowood Court,91505,Burbank,CA,6/9/2012
494,Mariska,Girodin,207 Shelley Road,75287,Dallas,TX,2/9/2013
495,Normy,Lobley,23 Pleasure Pass,95138,San Jose,CA,1/12/2010
496,Alayne,Baggelley,44 Coleman Court,85215,Mesa,AZ,2/29/2012
497,Tildi,Bonniface,81165 Lakeland Place,55448,Minneapolis,MN,11/30/2007
498,Retha,Lankford,71 Sherman Street,94286,Sacramento,CA,3/13/2010
499,Rosabelle,Bossel,60054 Bultman Avenue,66205,Shawnee Mission,KS,5/27/2013
500,Karleen,Swine,73601 Haas Court,89036,North Las Vegas,NV,10/21/2008
