1,Rosaline,Alp,51 Prentice Court,11470,Jamaica,NY,ralp0@unesco.org
2,Boycie,Robertson,8034 Westend Terrace,92191,San Diego,CA,brobertson1@unblog.fr
3,Sheree,Kent,73 Clove Trail,47805,Terre Haute,IN,skent2@thetimes.co.uk
4,Isadore,Ferry,84 Rowland Terrace,34605,Brooksville,FL,iferry3@timesonline.co.uk
5,Lovell,Hirsch,41 Eagle Crest Avenue,85271,Scottsdale,AZ,lhirsch4@bloglines.com
6,Candi,Blasik,71204 Boyd Lane,92883,Corona,CA,cblasik5@dyndns.org
7,Madelena,Stother,4088 Waywood Center,71151,Shreveport,LA,mstother6@google.it
8,Samson,Goodbody,707 Ryan Crossing,79945,El Paso,TX,sgoodbody7@edublogs.org
9,Lenard,Johnsee,18807 Hoepker Pass,89706,Carson City,NV,ljohnsee8@mysql.com
10,Viviene,McGeaney,8651 Canary Circle,68510,Lincoln,NE,vmcgeaney9@ftc.gov
11,Jerrine,Proudlove,0 Vera Crossing,36125,Montgomery,AL,jproudlovea@tinypic.com
12,Olvan,Frankiss,0 Del Mar Court,78415,Corpus Christi,TX,ofrankissb@ucoz.com
13,Rennie,Collicott,29 Green Terrace,64179,Kansas City,MO,rcollicottc@bandcamp.com
14,Nichole,De Coursey,64845 Elka Way,87180,Albuquerque,NM,ndecourseyd@usatoday.com
15,My,Pauel,7 Londonderry Terrace,22111,Manassas,VA,mpauele@comsenz.com
16,Sherilyn,Rentoul,26 Londonderry Drive,25313,Charleston,WV,srentoulf@gravatar.com
17,Jacob,Armsby,88 Harbort Point,32220,Jacksonville,FL,jarmsbyg@simplemachines.org
18,Ilyse,Banfield,8 Marquette Place,79182,Amarillo,TX,ibanfieldh@weebly.com
19,Robbin,Lowrance,63873 Charing Cross Crossing,96805,Honolulu,HI,rlowrancei@ezinearticles.com
20,Wallache,Hurrion,39 Northport Circle,92867,Orange,CA,whurrionj@51.la
21,Casandra,MacWhan,743 Calypso Alley,77085,Houston,TX,cmacwhank@mit.edu
22,Emilio,Latchmore,94 Green Point,75236,Dallas,TX,elatchmorel@un.org
23,Sileas,Rattenberie,3708 Lukken Parkway,94089,Sunnyvale,CA,srattenberiem@marketwatch.com
24,Bernadine,Greenall,97205 Erie Place,48912,Lansing,MI,bgreenalln@usgs.gov
25,Doreen,Abbots,66 Almo Court,72222,Little Rock,AR,dabbotso@mayoclinic.com
26,Sammie,Sanney,43 Crownhardt Drive,64149,Kansas City,MO,ssanneyp@people.com.cn
27,Ginger,Olyunin,5993 Arapahoe Street,53277,Milwaukee,WI,golyuninq@jigsy.com
28,Catrina,Poytress,98213 Valley Edge Plaza,89505,Reno,NV,cpoytressr@illinois.edu
29,Eleonore,Hazlewood,2407 Sachtjen Street,78255,San Antonio,TX,ehazlewoods@list-manage.com
30,Berni,Blockley,3 Forest Run Court,79934,El Paso,TX,bblockleyt@about.me
31,Amil,Strasse,766 Corry Way,94169,San Francisco,CA,astrasseu@newyorker.com
32,Lynn,Sawkins,20 Pearson Court,34745,Kissimmee,FL,lsawkinsv@shinystat.com
33,Helyn,Castiglio,1 Utah Junction,90305,Inglewood,CA,hcastigliow@acquirethisname.com
34,Son,Milborn,27 Jackson Terrace,40280,Louisville,KY,smilbornx@globo.com
35,Brennen,Hryncewicz,550 Menomonie Drive,33487,Boca Raton,FL,bhryncewiczy@virginia.edu
36,Toinette,O'Hallagan,97979 Moland Parkway,87115,Albuquerque,NM,tohallaganz@state.tx.us
37,Titos,Treadwell,7 Marquette Place,22225,Arlington,VA,ttreadwell10@yellowbook.com
38,Gracie,Cousans,43593 Kingsford Crossing,19125,Philadelphia,PA,gcousans11@redcross.org
39,Laurette,Meatcher,924 Steensland Terrace,61709,Bloomington,IL,lmeatcher12@123-reg.co.uk
40,Lucas,Banisch,3976 Oneill Pass,55123,Saint Paul,MN,lbanisch13@sina.com.cn
41,Fair,Tiernan,75 Golf View Point,14276,Buffalo,NY,ftiernan14@google.com
42,Marne,Dowdell,78 Pearson Court,50305,Des Moines,IA,mdowdell15@cpanel.net
43,Erik,Fuggles,56801 Charing Cross Point,45223,Cincinnati,OH,efuggles16@diigo.com
44,Denis,Diche,79 Burning Wood Circle,61635,Peoria,IL,ddiche17@archive.org
45,Guilbert,Streak,058 Thompson Lane,1813,Woburn,MA,gstreak18@xrea.com
46,Roseann,Goatman,50011 Fallview Trail,95205,Stockton,CA,rgoatman19@sciencedirect.com
47,Alexandre,Vondra,09366 Walton Lane,29905,Beaufort,SC,avondra1a@cloudflare.com
48,Ciro,Delafoy,6 Vahlen Court,20414,Washington,DC,cdelafoy1b@bbb.org
49,Carolus,Sergeant,80327 Bunting Lane,70820,Baton Rouge,LA,csergeant1c@mysql.com
50,Allie,Anfusso,3908 Sage Plaza,16510,Erie,PA,aanfusso1d@vk.com
51,Kerianne,Ghilardini,382 Almo Drive,64082,Lees Summit,MO,kghilardini1e@stanford.edu
52,Violetta,Skala,2709 Brickson Park Center,80995,Colorado Springs,CO,vskala1f@soundcloud.com
53,Thomasina,Clawe,5907 Chinook Avenue,92145,San Diego,CA,tclawe1g@abc.net.au
54,Boycey,Cattell,3852 Mandrake Circle,89193,Las Vegas,NV,bcattell1h@cpanel.net
55,Ajay,Sayward,9 7th Park,98195,Seattle,WA,asayward1i@delicious.com
56,Casey,Yandle,03 Shasta Lane,79769,Odessa,TX,cyandle1j@so-net.ne.jp
57,Paco,Jolley,06 Grim Pass,68144,Omaha,NE,pjolley1k@dailymail.co.uk
58,Tobe,Gofton,97805 Pankratz Lane,55448,Minneapolis,MN,tgofton1l@umn.edu
59,Phillipp,Ryding,7205 Fairview Court,10090,New York City,NY,pryding1m@wp.com
60,Penrod,McKeag,25245 Daystar Parkway,10034,New York City,NY,pmckeag1n@cam.ac.uk
61,Nadia,Gerling,6 Nobel Drive,73124,Oklahoma City,OK,ngerling1o@sina.com.cn
62,Anabella,Winship,28 Gale Hill,24034,Roanoke,VA,awinship1p@un.org
63,Garwin,Roach,46277 Clyde Gallagher Crossing,45408,Dayton,OH,groach1q@si.edu
64,Franni,Bellon,3151 Ruskin Park,77050,Houston,TX,fbellon1r@oakley.com
65,Bella,Greenhow,76 Huxley Terrace,92405,San Bernardino,CA,bgreenhow1s@virginia.edu
66,Cristen,Tavner,711 Ludington Junction,98148,Seattle,WA,ctavner1t@engadget.com
67,Shermy,Trevon,73038 Del Mar Drive,15235,Pittsburgh,PA,strevon1u@businesswire.com
68,Ashby,Keep,9363 Lawn Crossing,93907,Salinas,CA,akeep1v@ft.com
69,Francine,Loughman,2722 Jana Park,23277,Richmond,VA,floughman1w@constantcontact.com
70,Spencer,Snufflebottom,0 Kim Park,10292,New York City,NY,ssnufflebottom1x@marriott.com
71,Temple,Isoldi,08 Vera Circle,10099,New York City,NY,tisoldi1y@bizjournals.com
72,Carmencita,Jirik,74280 John Wall Pass,11205,Brooklyn,NY,cjirik1z@princeton.edu
73,Seana,Klammt,70611 Grover Junction,67210,Wichita,KS,sklammt20@discovery.com
74,Nev,Mowne,38804 Talisman Lane,3804,Portsmouth,NH,nmowne21@sphinn.com
75,Niels,Smiz,124 Hermina Center,27626,Raleigh,NC,nsmiz22@hhs.gov
76,Kristina,Mogg,83989 Maple Plaza,33680,Tampa,FL,kmogg23@google.com.hk
77,Allin,O'Hederscoll,10075 Leroy Court,40215,Louisville,KY,aohederscoll24@live.com
78,Tammi,Aldwich,96 Nancy Terrace,22313,Alexandria,VA,taldwich25@godaddy.com
79,Oswald,Churchman,18 Blaine Park,23471,Virginia Beach,VA,ochurchman26@linkedin.com
80,Peirce,Guerrazzi,72514 Novick Way,19196,Philadelphia,PA,pguerrazzi27@quantcast.com
81,Lanny,Yegorov,62710 South Avenue,24040,Roanoke,VA,lyegorov28@delicious.com
82,Alard,Hotton,12 Sage Court,75044,Garland,TX,ahotton29@forbes.com
83,Uri,Didball,90 Sugar Alley,20057,Washington,DC,udidball2a@addtoany.com
84,Even,Dallender,487 Burning Wood Pass,19892,Wilmington,DE,edallender2b@friendfeed.com
85,Otto,Grouse,65 Sherman Way,55448,Minneapolis,MN,ogrouse2c@ycombinator.com
86,Rustin,Tilley,9 Briar Crest Junction,94712,Berkeley,CA,rtilley2d@blogspot.com
87,Allx,O'Canavan,1211 Talisman Court,27605,Raleigh,NC,aocanavan2e@ebay.co.uk
88,Eloisa,Fieldstone,0 Meadow Valley Terrace,88584,El Paso,TX,efieldstone2f@sfgate.com
89,Jaquelyn,Nardi,55772 Roxbury Alley,55448,Minneapolis,MN,jnardi2g@indiegogo.com
90,Oates,McFfaden,2966 Nova Trail,60646,Chicago,IL,omcffaden2h@prweb.com
91,Margo,McVey,5939 Judy Place,90060,Los Angeles,CA,mmcvey2i@51.la
92,Tessi,Valois,51 Alpine Street,53225,Milwaukee,WI,tvalois2j@accuweather.com
93,Ondrea,McClosh,6 Becker Place,10310,Staten Island,NY,omcclosh2k@google.com.br
94,Maria,Wasylkiewicz,345 Maryland Pass,61825,Champaign,IL,mwasylkiewicz2l@oracle.com
95,Donnajean,Northcliffe,61 Spenser Avenue,74149,Tulsa,OK,dnorthcliffe2m@163.com
96,Gaynor,Gabriel,2905 Dorton Circle,99599,Anchorage,AK,ggabriel2n@storify.com
97,Georgine,Domelaw,218 Lighthouse Bay Pass,55441,Minneapolis,MN,gdomelaw2o@huffingtonpost.com
98,Dierdre,Brendeke,10 Bobwhite Plaza,62723,Springfield,IL,dbrendeke2p@state.gov
99,Judie,Micklewicz,2065 Monterey Parkway,22119,Merrifield,VA,jmicklewicz2q@arstechnica.com
100,Phineas,Pylkynyton,83074 Mesta Crossing,94616,Oakland,CA,ppylkynyton2r@acquirethisname.com
101,Lucius,Ticic,1 Forest Center,97240,Portland,OR,lticic2s@ftc.gov
102,Dian,Riepel,9 Kensington Avenue,46805,Fort Wayne,IN,driepel2t@bloomberg.com
103,Barn,McCuish,9665 Utah Trail,30358,Atlanta,GA,bmccuish2u@digg.com
104,Staffard,Kezar,359 Gateway Circle,73119,Oklahoma City,OK,skezar2v@ucoz.com
105,Micky,Debnam,47890 Evergreen Way,35295,Birmingham,AL,mdebnam2w@etsy.com
106,Emelda,McClure,1242 Lawn Junction,85705,Tucson,AZ,emcclure2x@dmoz.org
107,Emmey,Schwaiger,00 Lillian Point,48550,Flint,MI,eschwaiger2y@google.com.hk
108,Aile,Crossland,4381 Carioca Court,93584,Lancaster,CA,acrossland2z@geocities.jp
109,Marcia,Scemp,015 Banding Circle,50347,Des Moines,IA,mscemp30@so-net.ne.jp
110,Boigie,Stegel,58 Orin Alley,78291,San Antonio,TX,bstegel31@hp.com
111,Glen,Van den Hof,82 Sycamore Park,27425,Greensboro,NC,gvandenhof32@acquirethisname.com
112,Elliot,Baylie,735 Grover Crossing,78415,Corpus Christi,TX,ebaylie33@harvard.edu
113,Forrester,Cund,05 West Park,85062,Phoenix,AZ,fcund34@cornell.edu
114,Spence,Drinan,958 Arizona Road,75210,Dallas,TX,sdrinan35@macromedia.com
115,Teodora,De Souza,789 Lindbergh Plaza,92835,Fullerton,CA,tdesouza36@blinklist.com
116,Alfy,Lawful,032 Atwood Point,78754,Austin,TX,alawful37@google.com
117,Tracee,Maddicks,5401 Hanson Crossing,65110,Jefferson City,MO,tmaddicks38@psu.edu
118,Bren,Sandercroft,220 Bartelt Street,30301,Atlanta,GA,bsandercroft39@jimdo.com
119,Biron,Fydo,375 Esch Road,78732,Austin,TX,bfydo3a@wikipedia.org
120,Mercy,Paddick,4 Paget Street,45228,Cincinnati,OH,mpaddick3b@noaa.gov
121,Susan,Dami,7296 Sugar Hill,32309,Tallahassee,FL,sdami3c@istockphoto.com
122,Anne-marie,Jaggi,83832 Porter Crossing,95973,Chico,CA,ajaggi3d@google.com.hk
123,Gustavo,Foli,32 Cambridge Avenue,71213,Monroe,LA,gfoli3e@auda.org.au
124,Dorree,Chesnay,824 Pierstorff Place,6825,Fairfield,CT,dchesnay3f@vimeo.com
125,Dimitri,Bourke,446 Hoard Circle,8104,Camden,NJ,dbourke3g@gnu.org
126,Ronica,Cometto,629 Ridge Oak Plaza,74126,Tulsa,OK,rcometto3h@marriott.com
127,Marshall,Crosetto,1788 Goodland Hill,14276,Buffalo,NY,mcrosetto3i@fastcompany.com
128,Madalyn,Gillmore,22272 Spohn Way,19104,Philadelphia,PA,mgillmore3j@wiley.com
129,Elli,Ridley,62 Coolidge Avenue,23520,Norfolk,VA,eridley3k@123-reg.co.uk
130,Anthony,Sherburn,44 Valley Edge Circle,47705,Evansville,IN,asherburn3l@youku.com
131,Sigismund,Lunge,52 Southridge Park,24029,Roanoke,VA,slunge3m@example.com
132,Alvis,Fost,78163 Marcy Road,43656,Toledo,OH,afost3n@php.net
133,Irv,Napthine,4 Nelson Park,23324,Chesapeake,VA,inapthine3o@mapquest.com
134,Devy,Drackford,3 Elgar Circle,31196,Atlanta,GA,ddrackford3p@hexun.com
135,Vincenty,Martschke,51 Northwestern Plaza,79977,El Paso,TX,vmartschke3q@paypal.com
136,Zachery,Wolffers,075 Portage Parkway,27499,Greensboro,NC,zwolffers3r@shutterfly.com
137,Alexine,Bettridge,68 Nevada Pass,23605,Newport News,VA,abettridge3s@youtube.com
138,Maighdiln,McCloud,1572 Lake View Way,1605,Worcester,MA,mmccloud3t@vinaora.com
139,Jason,Krinks,475 Sundown Center,33673,Tampa,FL,jkrinks3u@deviantart.com
140,Maible,Wanklin,9 Rieder Hill,30375,Atlanta,GA,mwanklin3v@msn.com
141,Kip,Prydie,28491 Riverside Trail,97206,Portland,OR,kprydie3w@newsvine.com
142,Auria,Tack,55756 Hallows Parkway,45505,Springfield,OH,atack3x@wisc.edu
143,Zachariah,Vogeler,0068 Bowman Crossing,13224,Syracuse,NY,zvogeler3y@umich.edu
144,Arley,Waliszek,58090 Summer Ridge Way,40298,Louisville,KY,awaliszek3z@list-manage.com
145,Kelly,Lowther,0 Fisk Trail,70149,New Orleans,LA,klowther40@istockphoto.com
146,Doralynn,Hyslop,38260 Mifflin Crossing,11225,Brooklyn,NY,dhyslop41@163.com
147,Ernie,McCourtie,653 Mayer Junction,37605,Johnson City,TN,emccourtie42@intel.com
148,Orella,Crannell,912 Dahle Point,79116,Amarillo,TX,ocrannell43@slideshare.net
149,Ephraim,Petry,70353 Pond Terrace,20709,Laurel,MD,epetry44@elegantthemes.com
150,Ilene,Ball,90 Spaight Junction,71115,Shreveport,LA,iball45@github.io
151,Kimble,Ennever,4860 Mayfield Avenue,40205,Louisville,KY,kennever46@apache.org
152,Coretta,Buddock,9 Gulseth Drive,33448,Delray Beach,FL,cbuddock47@google.com
153,Coriss,Hilary,5878 Lerdahl Way,33972,Lehigh Acres,FL,chilary48@google.com.au
154,Dori,Whatham,05 Rusk Crossing,20503,Washington,DC,dwhatham49@wix.com
155,Rasia,Rubinovitsch,2 Starling Parkway,52410,Cedar Rapids,IA,rrubinovitsch4a@senate.gov
156,Elysha,Novacek,790 Evergreen Drive,32941,Melbourne,FL,enovacek4b@com.com
157,Madeline,Hassett,07338 Pine View Plaza,88530,El Paso,TX,mhassett4c@disqus.com
158,Elenore,Rorke,5117 Autumn Leaf Crossing,32128,Daytona Beach,FL,erorke4d@ed.gov
159,Selia,Bembridge,39099 Messerschmidt Street,93715,Fresno,CA,sbembridge4e@nsw.gov.au
160,Rafaela,Birdwistle,86102 Little Fleur Park,25362,Charleston,WV,rbirdwistle4f@guardian.co.uk
161,Alaine,Fettiplace,25 Arapahoe Circle,67205,Wichita,KS,afettiplace4g@merriam-webster.com
162,Petra,Mulhall,1 Marquette Street,5609,Montpelier,VT,pmulhall4h@ehow.com
163,Marena,Gillogley,7249 Dennis Street,14624,Rochester,NY,mgillogley4i@ifeng.com
164,Joelie,Rahlof,02 Debs Parkway,55417,Minneapolis,MN,jrahlof4j@harvard.edu
165,Gustie,Mynott,76 Miller Place,91411,Van Nuys,CA,gmynott4k@amazon.co.jp
166,Norby,Synnot,2 Carberry Plaza,75037,Irving,TX,nsynnot4l@nbcnews.com
167,Lorilyn,Devers,1 Cordelia Hill,30089,Decatur,GA,ldevers4m@walmart.com
168,Nolly,Hillan,5450 Oriole Alley,19146,Philadelphia,PA,nhillan4n@shutterfly.com
169,Zilvia,Punch,256 Springview Crossing,20456,Washington,DC,zpunch4o@cdc.gov
170,Wheeler,Allsep,00 Summerview Center,31605,Valdosta,GA,wallsep4p@va.gov
171,Layla,Winslade,9 Hauk Court,91616,North Hollywood,CA,lwinslade4q@cloudflare.com
172,Alfredo,Lalevee,8826 5th Road,22313,Alexandria,VA,alalevee4r@yelp.com
173,Tawnya,Iacapucci,8559 Prairieview Crossing,25716,Huntington,WV,tiacapucci4s@telegraph.co.uk
174,Maggi,Syers,2 Erie Place,10060,New York City,NY,msyers4t@woothemes.com
175,Freddie,Barthrup,7 Crescent Oaks Road,47405,Bloomington,IN,fbarthrup4u@skyrock.com
176,Giorgio,Crozier,1008 Weeping Birch Court,40546,Lexington,KY,gcrozier4v@shutterfly.com
177,Paola,Moine,622 Melody Park,94627,Oakland,CA,pmoine4w@whitehouse.gov
178,Patton,Chess,4014 Vidon Road,30911,Augusta,GA,pchess4x@senate.gov
179,Franni,Grigorushkin,95831 Summer Ridge Park,93111,Santa Barbara,CA,fgrigorushkin4y@printfriendly.com
180,Fredrika,Scurrey,806 Schlimgen Court,94405,San Mateo,CA,fscurrey4z@smh.com.au
181,Lemuel,Quibell,2559 Fisk Road,89012,Henderson,NV,lquibell50@google.nl
182,Corey,Lambshine,2631 Vidon Terrace,38131,Memphis,TN,clambshine51@booking.com
183,Effie,Depka,838 Acker Parkway,7544,Paterson,NJ,edepka52@google.com
184,Cortney,Reely,11174 Sutherland Drive,48956,Lansing,MI,creely53@slate.com
185,Onfroi,Charlin,94 Texas Circle,85732,Tucson,AZ,ocharlin54@unicef.org
186,Trip,Magner,0 Sugar Junction,23514,Norfolk,VA,tmagner55@biblegateway.com
187,Laryssa,Ismirnioglou,71 Dayton Pass,25331,Charleston,WV,lismirnioglou56@yahoo.co.jp
188,Milly,Cragell,21 Washington Center,44177,Cleveland,OH,mcragell57@tripadvisor.com
189,Abby,Armistead,3046 Delladonna Road,89550,Reno,NV,aarmistead58@fc2.com
190,Joshia,Jaynes,4 Sunnyside Drive,214,Portsmouth,NH,jjaynes59@disqus.com
191,Kimberlee,Glowach,8 Columbus Junction,8608,Trenton,NJ,kglowach5a@wordpress.org
192,Rudiger,Grayling,48892 Golf View Road,33811,Lakeland,FL,rgrayling5b@aboutads.info
193,Leigh,de Keep,1 Holmberg Parkway,98133,Seattle,WA,ldekeep5c@about.me
194,Cissy,Summerscales,7878 Brentwood Point,33129,Miami,FL,csummerscales5d@vkontakte.ru
195,Gannie,Kleint,3 Hansons Court,33416,West Palm Beach,FL,gkleint5e@moonfruit.com
196,Darryl,Binny,67 Glacier Hill Way,33811,Lakeland,FL,dbinny5f@fotki.com
197,Karen,Belin,59 Shopko Park,11407,Jamaica,NY,kbelin5g@elpais.com
198,Ange,MacFaell,226 Paget Park,22333,Alexandria,VA,amacfaell5h@un.org
199,Christin,Linch,39 Nelson Hill,37405,Chattanooga,TN,clinch5i@topsy.com
200,Kenny,Blaber,3612 Grasskamp Plaza,38119,Memphis,TN,kblaber5j@live.com
201,Marketa,Buscombe,9 Crownhardt Junction,35279,Birmingham,AL,mbuscombe5k@twitter.com
202,Bethena,Glandon,90 Cascade Court,53785,Madison,WI,bglandon5l@deliciousdays.com
203,Gwendolen,Kinnier,63 Loeprich Point,90847,Long Beach,CA,gkinnier5m@webs.com
204,Sampson,Maddyson,29 Thierer Drive,60663,Chicago,IL,smaddyson5n@furl.net
205,Collie,Foister,88588 Pankratz Center,35279,Birmingham,AL,cfoister5o@edublogs.org
206,Mohammed,Evesque,8733 Reinke Trail,98133,Seattle,WA,mevesque5p@storify.com
207,Susi,Beesley,7 Debra Plaza,85030,Phoenix,AZ,sbeesley5q@usatoday.com
208,Doe,Mishow,47 Talmadge Parkway,11436,Jamaica,NY,dmishow5r@vistaprint.com
209,Jacinthe,Callinan,2 Mcbride Avenue,90805,Long Beach,CA,jcallinan5s@bloglovin.com
210,Roanne,Mangeney,6077 Johnson Court,19178,Philadelphia,PA,rmangeney5t@cpanel.net
211,Jarib,Eringey,10307 Shasta Avenue,49006,Kalamazoo,MI,jeringey5u@microsoft.com
212,Bruis,McLanachan,599 Moose Alley,88569,El Paso,TX,bmclanachan5v@marriott.com
213,Quintina,Loughhead,3 Everett Trail,89115,Las Vegas,NV,qloughhead5w@google.it
214,Thor,Wolfart,8880 Iowa Park,31196,Atlanta,GA,twolfart5x@usda.gov
215,Nert,Kitcatt,1 Rutledge Circle,88558,El Paso,TX,nkitcatt5y@alexa.com
216,Ede,Haglinton,2787 Shelley Court,35487,Tuscaloosa,AL,ehaglinton5z@github.com
217,Ethelda,Stembridge,9 Petterle Lane,23228,Richmond,VA,estembridge60@chicagotribune.com
218,Allianora,Monckman,17503 Montana Crossing,59623,Helena,MT,amonckman61@army.mil
219,Dalia,Cawston,50391 Steensland Pass,37210,Nashville,TN,dcawston62@weather.com
220,Gal,Ashwood,1768 Bobwhite Crossing,97211,Portland,OR,gashwood63@whitehouse.gov
221,Carmina,Chattell,14 Waxwing Junction,68144,Omaha,NE,cchattell64@discovery.com
222,Georgia,Busen,3 Merchant Trail,84110,Salt Lake City,UT,gbusen65@msn.com
223,Clem,Colvill,94734 Saint Paul Place,91125,Pasadena,CA,ccolvill66@thetimes.co.uk
224,Nari,Matzeitis,3939 Del Mar Terrace,33432,Boca Raton,FL,nmatzeitis67@mapy.cz
225,Aleen,Hartrick,50 Bultman Way,55585,Monticello,MN,ahartrick68@wikia.com
226,Lidia,Zmitrovich,917 Washington Center,23242,Richmond,VA,lzmitrovich69@theglobeandmail.com
227,Ezekiel,Claibourn,1899 Declaration Pass,78220,San Antonio,TX,eclaibourn6a@seesaa.net
228,Mame,Bratty,18070 Corry Center,66611,Topeka,KS,mbratty6b@unicef.org
229,Vasili,Devanney,24994 Johnson Terrace,76305,Wichita Falls,TX,vdevanney6c@reddit.com
230,Welbie,Poynzer,1 David Drive,29208,Columbia,SC,wpoynzer6d@oakley.com
231,Judas,Patton,2 Village Green Park,97216,Portland,OR,jpatton6e@digg.com
232,Huntlee,Postles,71612 Thierer Road,40225,Louisville,KY,hpostles6f@digg.com
233,Judon,Clows,42 Algoma Park,10705,Yonkers,NY,jclows6g@hhs.gov
234,Irma,Lorain,05 Towne Way,33705,Saint Petersburg,FL,ilorain6h@pen.io
235,Gilbert,Scyner,568 Lakewood Gardens Trail,77070,Houston,TX,gscyner6i@salon.com
236,Liv,Elcoate,5058 Shasta Junction,45271,Cincinnati,OH,lelcoate6j@google.ru
237,Reeva,Drewery,902 Dexter Junction,20456,Washington,DC,rdrewery6k@google.com.hk
238,Maribeth,Lochhead,9 Dakota Terrace,38126,Memphis,TN,mlochhead6l@jalbum.net
239,Virginie,Keigher,0090 Anderson Lane,8638,Trenton,NJ,vkeigher6m@hatena.ne.jp
240,Mendel,Kitter,7 Anderson Parkway,34282,Bradenton,FL,mkitter6n@phoca.cz
241,Stephen,Crace,26 Lillian Park,40546,Lexington,KY,scrace6o@delicious.com
242,Ryann,Reace,014 Mifflin Alley,75287,Dallas,TX,rreace6p@redcross.org
243,Douglas,Kelle,7 Holmberg Place,92519,Riverside,CA,dkelle6q@umich.edu
244,Roxie,Treadgear,00821 Kipling Court,19897,Wilmington,DE,rtreadgear6r@pinterest.com
245,Chas,Drewell,176 Dapin Plaza,64153,Kansas City,MO,cdrewell6s@wikipedia.org
246,Xaviera,Glendenning,863 Troy Plaza,17140,Harrisburg,PA,xglendenning6t@nba.com
247,Jemimah,Novichenko,98324 Northridge Terrace,75210,Dallas,TX,jnovichenko6u@vinaora.com
248,Lowrance,Blue,161 Prairieview Way,77271,Houston,TX,lblue6v@prlog.org
249,Christalle,Mechic,1 Forest Dale Road,76011,Arlington,TX,cmechic6w@bing.com
250,Teddie,Maddie,2 Granby Lane,19131,Philadelphia,PA,tmaddie6x@pagesperso-orange.fr
251,Kacy,Bricknall,83859 Canary Junction,75037,Irving,TX,kbricknall6y@xing.com
252,Nikolia,Bradnick,500 Jenifer Junction,44118,Cleveland,OH,nbradnick6z@odnoklassniki.ru
253,Constantia,Aspling,3 Nevada Avenue,49444,Muskegon,MI,caspling70@nbcnews.com
254,Jeromy,Cordsen,52 Corscot Circle,87140,Albuquerque,NM,jcordsen71@github.com
255,Ruttger,Lavers,4051 Eastlawn Alley,79934,El Paso,TX,rlavers72@si.edu
256,Conway,Gair,8557 Paget Point,10150,New York City,NY,cgair73@people.com.cn
257,Tyler,Pfleger,381 West Circle,43240,Columbus,OH,tpfleger74@dedecms.com
258,Creigh,Glidden,15 Lunder Trail,83716,Boise,ID,cglidden75@skype.com
259,Delmore,Fagence,9451 Burrows Circle,20430,Washington,DC,dfagence76@blogs.com
260,Glyn,Cotgrove,63 Center Crossing,32868,Orlando,FL,gcotgrove77@about.com
261,Kary,L'Amie,6004 Farmco Point,13251,Syracuse,NY,klamie78@amazon.co.jp
262,Demetria,Banaszczyk,41075 New Castle Point,24029,Roanoke,VA,dbanaszczyk79@sina.com.cn
263,Caprice,Sancto,801 Farwell Way,22244,Arlington,VA,csancto7a@bizjournals.com
264,Dwight,Cadalleder,48048 Toban Center,77293,Houston,TX,dcadalleder7b@jugem.jp
265,Cami,Bromage,54 Melby Plaza,95973,Chico,CA,cbromage7c@over-blog.com
266,Angel,Valentelli,865 Cordelia Trail,89145,Las Vegas,NV,avalentelli7d@usgs.gov
267,Chalmers,Balffye,0939 Arrowood Place,23203,Richmond,VA,cbalffye7e@google.co.jp
268,Ashton,Biagioni,4478 Redwing Alley,77010,Houston,TX,abiagioni7f@pagesperso-orange.fr
269,Cedric,Carl,67 Logan Road,91505,Burbank,CA,ccarl7g@netscape.com
270,Osmund,Wormleighton,36 Chive Point,33884,Winter Haven,FL,owormleighton7h@hc360.com
271,Colas,Maryon,94533 Anhalt Trail,32215,Jacksonville,FL,cmaryon7i@hhs.gov
272,Anthea,Grevatt,52885 Little Fleur Junction,28247,Charlotte,NC,agrevatt7j@ibm.com
273,Meaghan,Baile,0713 Hoffman Hill,77040,Houston,TX,mbaile7k@google.com.au
274,Spike,Rawstorn,5526 Caliangt Crossing,80995,Colorado Springs,CO,srawstorn7l@fema.gov
275,Des,O'Mahoney,7162 Helena Crossing,84093,Sandy,UT,domahoney7m@redcross.org
276,Mohandis,Labern,78 Fieldstone Point,95205,Stockton,CA,mlabern7n@cafepress.com
277,Seline,Grigorkin,81 Village Green Drive,78410,Corpus Christi,TX,sgrigorkin7o@yolasite.com
278,Devonna,Bellham,3827 Talmadge Center,93386,Bakersfield,CA,dbellham7p@canalblog.com
279,Kirsti,Cherm,980 Valley Edge Junction,4109,Portland,ME,kcherm7q@seattletimes.com
280,Ray,Lightowler,82966 Arrowood Plaza,33075,Pompano Beach,FL,rlightowler7r@xing.com
281,Vilhelmina,Tudge,6 Fordem Alley,78225,San Antonio,TX,vtudge7s@exblog.jp
282,Engracia,Weitzel,2573 7th Street,10464,Bronx,NY,eweitzel7t@tinypic.com
283,Powell,McMylor,22 Huxley Pass,10131,New York City,NY,pmcmylor7u@bloglovin.com
284,Konstantin,Pohlak,0 Lerdahl Court,23220,Richmond,VA,kpohlak7v@google.com.au
285,Dacy,Ingon,0955 Bonner Alley,29215,Columbia,SC,dingon7w@kickstarter.com
286,Ichabod,Baudet,25 Superior Lane,22225,Arlington,VA,ibaudet7x@list-manage.com
287,Peyton,Clemence,2586 New Castle Park,85083,Phoenix,AZ,pclemence7y@geocities.com
288,Gigi,Hudel,488 Continental Crossing,64149,Kansas City,MO,ghudel7z@jalbum.net
289,Leopold,Clipston,60741 Bartillon Hill,80127,Littleton,CO,lclipston80@google.com.br
290,Ami,Fremantle,7156 Porter Drive,19178,Philadelphia,PA,afremantle81@flavors.me
291,Gusti,Mighele,576 Huxley Parkway,30306,Atlanta,GA,gmighele82@i2i.jp
292,Peg,De Coursey,1676 Manufacturers Drive,22070,Herndon,VA,pdecoursey83@vimeo.com
293,Darius,Sheehy,218 Ilene Way,19605,Reading,PA,dsheehy84@comsenz.com
294,Enoch,Aslen,9669 Towne Parkway,78230,San Antonio,TX,easlen85@foxnews.com
295,Akim,Underhill,72645 Meadow Vale Court,33620,Tampa,FL,aunderhill86@xrea.com
296,Lorraine,Hucke,27713 Esker Drive,33064,Pompano Beach,FL,lhucke87@myspace.com
297,Lurette,Maffy,60779 Washington Avenue,78044,Laredo,TX,lmaffy88@cargocollective.com
298,Ryley,Tace,7147 Starling Lane,73124,Oklahoma City,OK,rtace89@odnoklassniki.ru
299,Larissa,Alderwick,62850 Warner Lane,90094,Los Angeles,CA,lalderwick8a@reference.com
300,Elberta,Liggens,10 Anzinger Park,76004,Arlington,TX,eliggens8b@wufoo.com
301,Kirk,Mullally,8 Bashford Avenue,89105,Las Vegas,NV,kmullally8c@comcast.net
302,Hana,Regan,695 Fairview Alley,92191,San Diego,CA,hregan8d@ebay.co.uk
303,Sim,Bottjer,27 Brentwood Crossing,43204,Columbus,OH,sbottjer8e@istockphoto.com
304,Hobey,Dunthorn,273 Delladonna Junction,78703,Austin,TX,hdunthorn8f@weebly.com
305,Evangelina,Matteacci,85 Hintze Lane,21281,Baltimore,MD,ematteacci8g@globo.com
306,Maura,Baylie,9 Mesta Plaza,44705,Canton,OH,mbaylie8h@cbsnews.com
307,Donetta,Harbison,8 Coleman Alley,95128,San Jose,CA,dharbison8i@prweb.com
308,Ree,Dahmke,5281 Paget Place,31605,Valdosta,GA,rdahmke8j@un.org
309,Cherilynn,Balog,0889 Kingsford Avenue,20442,Washington,DC,cbalog8k@oracle.com
310,Margette,Lesper,6704 John Wall Terrace,19191,Philadelphia,PA,mlesper8l@imgur.com
311,Lexi,Diprose,68162 Bay Junction,74141,Tulsa,OK,ldiprose8m@mit.edu
312,Francois,Conachie,70 Spohn Circle,33605,Tampa,FL,fconachie8n@telegraph.co.uk
313,Andras,Peert,89 5th Junction,39210,Jackson,MS,apeert8o@yelp.com
314,Bartlett,Secker,79 Bultman Circle,62705,Springfield,IL,bsecker8p@tripod.com
315,Meta,Lomis,2 Di Loreto Center,97232,Portland,OR,mlomis8q@deviantart.com
316,Willie,Grishin,1 Delladonna Plaza,57188,Sioux Falls,SD,wgrishin8r@washingtonpost.com
317,Madelon,O'Hagerty,66 Gerald Street,35895,Huntsville,AL,mohagerty8s@i2i.jp
318,Susi,Menci,26 Starling Crossing,79182,Amarillo,TX,smenci8t@auda.org.au
319,Brennen,Buyers,19 Myrtle Alley,38308,Jackson,TN,bbuyers8u@lulu.com
320,Vida,Blackmuir,543 Bayside Point,20057,Washington,DC,vblackmuir8v@github.com
321,Austin,Habbal,54936 Nelson Drive,75241,Dallas,TX,ahabbal8w@shareasale.com
322,Beverly,Gobeau,4146 East Junction,91499,Van Nuys,CA,bgobeau8x@oakley.com
323,Valeria,Mattecot,51469 Bayside Pass,21216,Baltimore,MD,vmattecot8y@is.gd
324,Kippy,Iveagh,949 Harbort Pass,90510,Torrance,CA,kiveagh8z@reverbnation.com
325,Livvyy,Dyble,5518 Village Green Road,68164,Omaha,NE,ldyble90@kickstarter.com
326,Roseann,Staziker,02 Longview Park,48901,Lansing,MI,rstaziker91@opera.com
327,Elias,Ellcome,3 Killdeer Crossing,66622,Topeka,KS,eellcome92@wufoo.com
328,Gregg,Brazener,72469 Onsgard Alley,95823,Sacramento,CA,gbrazener93@godaddy.com
329,Daphene,Toal,554 Corry Junction,93034,Oxnard,CA,dtoal94@pagesperso-orange.fr
330,Vittoria,Dalgetty,437 Prairie Rose Alley,48211,Detroit,MI,vdalgetty95@g.co
331,Hermann,Karolowski,70990 Toban Pass,40546,Lexington,KY,hkarolowski96@cornell.edu
332,Palm,Petrus,0380 5th Junction,33018,Hialeah,FL,ppetrus97@zimbio.com
333,Helge,Seville,684 Northport Crossing,94245,Sacramento,CA,hseville98@php.net
334,Culver,Joe,48 West Street,97211,Portland,OR,cjoe99@lulu.com
335,Dexter,Haslewood,9610 Northview Junction,28289,Charlotte,NC,dhaslewood9a@nbcnews.com
336,Claretta,Burnall,01 Marquette Plaza,46857,Fort Wayne,IN,cburnall9b@craigslist.org
337,Gwendolen,Kidde,753 Golf Park,64136,Kansas City,MO,gkidde9c@guardian.co.uk
338,Anabelle,Bartolomeotti,0 Hooker Parkway,35231,Birmingham,AL,abartolomeotti9d@amazon.de
339,Agnes,Pitcaithly,95 Ruskin Center,95828,Sacramento,CA,apitcaithly9e@163.com
340,Corey,Tiffin,1214 Swallow Street,39505,Gulfport,MS,ctiffin9f@mysql.com
341,Clio,Harsnipe,62 Birchwood Hill,33487,Boca Raton,FL,charsnipe9g@foxnews.com
342,Templeton,Passion,04082 Village Green Hill,90610,Whittier,CA,tpassion9h@indiegogo.com
343,Deana,Gascar,99801 Golf Course Way,37416,Chattanooga,TN,dgascar9i@japanpost.jp
344,Annmaria,Scranney,71 Prentice Avenue,99252,Spokane,WA,ascranney9j@go.com
345,Libbie,Burry,38710 Kim Court,28210,Charlotte,NC,lburry9k@cnn.com
346,Maude,Bauld,1 Schiller Circle,74184,Tulsa,OK,mbauld9l@sogou.com
347,Gibb,Pentland,88 Laurel Hill,34210,Bradenton,FL,gpentland9m@gov.uk
348,Bertrand,McAllester,25 Independence Lane,27404,Greensboro,NC,bmcallester9n@accuweather.com
349,Husain,Waters,96801 Butternut Avenue,93381,Bakersfield,CA,hwaters9o@cam.ac.uk
350,Eloise,Reubens,97 Mccormick Court,91913,Chula Vista,CA,ereubens9p@mapy.cz
