1,Aryn,Clue,960-831-0897
2,Abbe,Ferenc,190-158-7169
3,Rafaellle,Kiwitz,522-700-0013
4,Ora,Redington,124-530-8706
5,Courtnay,Wakenshaw,189-180-2727
6,Kinna,Ryrie,745-896-1594
7,Sibilla,Kershow,832-217-1488
8,Shayne,Billyard,292-592-8330
9,Augustin,Boshere,968-448-0012
10,Betteann,Gorgler,149-952-9867
11,Dav,Wardhough,106-739-8826
12,Son,Magson,779-277-0505
13,Kandace,Grinikhinov,658-896-9493
14,Ginger,Trayton,950-866-0899
15,Adelle,Relf,896-565-7959
16,Edvard,Archbell,641-619-9461
17,Emilio,Benne,602-410-0769
18,Chen,Foxon,317-342-5760
19,Maryellen,Johananov,140-996-0232
20,Nobe,Bremmell,736-615-1819
21,Bili,Petruskevich,593-390-4507
22,Madelene,Escala,611-570-4381
23,Eduino,Heavy,634-401-5535
24,Sherilyn,Myrick,774-782-5200
25,Clementius,Boyles,759-647-8618
26,Glynn,Applegate,198-908-5544
27,Jordon,Stidworthy,893-394-3605
28,Itch,Fowls,114-659-6064
29,Anastasia,Sheerman,621-760-9180
30,Kaja,Tokley,812-630-7536
31,Dorothea,Chin,986-708-7154
32,Lenka,Steade,763-903-5324
33,Carlee,Hasling,502-705-9185
34,Eachelle,Gyer,390-535-5482
35,Eliot,Eykelhof,744-107-1028
36,Hagen,Marsie,135-552-1360
37,Olivette,Leslie,188-671-5397
38,Brittne,Coltart,291-968-7964
39,Graig,Millsom,389-885-8807
40,Loraine,Vane,911-207-9647
41,Grayce,Rogge,856-753-0230
42,Sharia,Brolechan,373-621-3198
43,Josey,Juden,600-495-2817
44,Ceil,Preene,486-419-7866
45,Farly,Callow,174-704-2902
46,Nita,Biasini,176-157-3108
47,Bruce,Elgey,125-952-8806
48,Leonard,Suerz,264-944-1690
49,Aigneis,Stilldale,383-288-2103
50,Bernarr,Ephgrave,837-406-9037
51,Arda,Esser,671-799-4280
52,Hildy,Francesc,511-492-4236
53,Ellwood,Penylton,972-148-2095
54,Angelica,Messiter,973-398-2425
55,Lorette,Bartozzi,498-795-6281
56,Kari,Leopold,943-921-2864
57,Bill,Mulbry,303-495-0930
58,Juliet,Sharrem,126-982-5181
59,Giuseppe,Leyes,641-402-5104
60,Wood,McNulty,808-124-6449
61,Sheila-kathryn,Chafer,667-787-1676
62,Deva,Howieson,903-852-3472
63,Gaultiero,Brauns,788-735-7133
64,Munmro,Spring,287-569-1766
65,Jerrilee,Parramore,519-790-3187
66,Jana,Garlic,823-812-0193
67,Terry,Dorgan,122-899-4614
68,Roz,Bowery,155-111-4614
69,Arabela,Sinisbury,306-173-1269
70,Harbert,Asling,490-182-4579
71,Mackenzie,Preene,565-401-8375
72,Val,Livzey,421-118-9222
73,Annabela,Stickells,235-932-8988
74,Katti,McKissack,184-460-3478
75,Denny,Prati,517-649-1866
76,Angy,Wanless,867-145-3538
77,Roz,Codd,602-654-9394
78,Winne,Reinhard,917-787-1306
79,Morty,Howgate,690-876-5293
80,Ryann,Martschke,493-332-0543
